lv1,lv2,lv3,lv3_href
Toys Hobbies and Robot,RC Drones,RC Helicopter,https://sea.banggood.com/Wholesale-RC-Helicopter-ca-7003.html?bid=2107010101
Toys Hobbies and Robot,RC Drones,RC Quadcopters,https://sea.banggood.com/Wholesale-RC-Quadcopters-ca-7004.html?bid=2107010102
Toys Hobbies and Robot,RC Drones,RC Airplane,https://sea.banggood.com/Wholesale-RC-Airplane-ca-7005.html?bid=2107010103
Toys Hobbies and Robot,RC Drones,FPV Racing Drone,https://sea.banggood.com/Wholesale-FPV-Racing-Drone-ca-7006.html?bid=2107010104
Toys Hobbies and Robot,RC Drones,RC Helicopter Parts,https://sea.banggood.com/Wholesale-RC-Helicopter-Parts-ca-7021.html?bid=2107010105
Toys Hobbies and Robot,RC Drones,RC Quadcopter Parts,https://sea.banggood.com/Wholesale-RC-Quadcopter-Parts-ca-7020.html?bid=2107010106
Toys Hobbies and Robot,RC Drones,RC Airplane Parts,https://sea.banggood.com/Wholesale-RC-Airplane-Parts-ca-7022.html?bid=2107010107
Toys Hobbies and Robot,DIY RC Parts,Multi Rotor Parts,https://sea.banggood.com/Wholesale-Multi-Rotor-Parts-ca-7014.html?bid=2107010301
Toys Hobbies and Robot,DIY RC Parts,FPV System,https://sea.banggood.com/Wholesale-FPV-System--ca-7015.html?bid=2107010302
Toys Hobbies and Robot,DIY RC Parts,Radios & Receiver,https://sea.banggood.com/Wholesale-Radios-and-Receiver--ca-7016.html?bid=2107010303
Toys Hobbies and Robot,DIY RC Parts,Battery & Charger,https://sea.banggood.com/Wholesale-Battery-and-Charger-ca-7017.html?bid=2107010304
Toys Hobbies and Robot,DIY RC Parts,Tools & Bags & Storage,https://sea.banggood.com/Wholesale-Tools-and-Bags-and-Storage-ca-7018.html?bid=2107010305
Toys Hobbies and Robot,DIY RC Parts,Connector & Cable & Wire,https://sea.banggood.com/Wholesale-Connector-and-Cable-and-Wire-ca-7019.html?bid=2107010306
Toys Hobbies and Robot,DIY RC Parts,RC Servos,https://sea.banggood.com/Wholesale-RC-Servos-ca-7025.html?bid=2107010307
Toys Hobbies and Robot,RC Vehicles,RC Car,https://sea.banggood.com/Wholesale-RC-Car-ca-7008.html?bid=2107010201
Toys Hobbies and Robot,RC Vehicles,RC Boat,https://sea.banggood.com/Wholesale-RC-Boat-ca-7009.html?bid=2107010202
Toys Hobbies and Robot,RC Vehicles,RC Robot,https://sea.banggood.com/Wholesale-RC-Robot-ca-7090.html?bid=2107010203
Toys Hobbies and Robot,RC Vehicles,RC Tank,https://sea.banggood.com/Wholesale-RC-Tank-ca-7012.html?bid=2107010204
Toys Hobbies and Robot,RC Vehicles,RC Car Parts,https://sea.banggood.com/Wholesale-RC-Car-Parts-ca-7023.html?bid=2107010205
Toys Hobbies and Robot,RC Vehicles,RC Boat Parts,https://sea.banggood.com/Wholesale-RC-Boat-Parts-ca-7024.html?bid=2107010206
Toys Hobbies and Robot,Science & Discovery Toys,Science Kits & Toys,https://sea.banggood.com/Wholesale-Science-Kits-and-Toys-ca-18993.html?bid=2107010401
Toys Hobbies and Robot,Science & Discovery Toys,Electronic Learning Toys,https://sea.banggood.com/Wholesale-Electronic-Learning-Toys-ca-18994.html?bid=2107010402
Sports & Outdoor,,,https://sea.banggood.com/Wholesale-Electric-Scooter-ca-6010.html?bid=2107020101
Sports & Outdoor,,,https://sea.banggood.com/Wholesale-Electric-Bike-ca-18110.html?bid=2107020102
Sports & Outdoor,,,https://sea.banggood.com/Wholesale-Electric-Skateboard-ca-6011.html?bid=2107020103
Sports & Outdoor,,,https://sea.banggood.com/Wholesale-Electric-Bike-Motor-ca-6013.html?bid=2107020104
Sports & Outdoor,,,https://sea.banggood.com/Wholesale-Electric-Bike-Battery-ca-6015.html?bid=2107020105
Sports & Outdoor,,,https://sea.banggood.com/Wholesale-Electric-Scooter-Accessories-ca-6012.html?bid=2107020106
Sports & Outdoor,,,https://sea.banggood.com/Wholesale-Electric-Bike-Accessories-ca-18924.html?bid=2107020107
Sports & Outdoor,,,https://sea.banggood.com/Wholesale-Bike-Lights-ca-6004.html?bid=2107020401
Sports & Outdoor,,,https://sea.banggood.com/Wholesale-Bike-HeadLamps-ca-18097.html?bid=2107020402
Sports & Outdoor,,,https://sea.banggood.com/Wholesale-Bike-Computer-ca-6005.html?bid=2107020403
Sports & Outdoor,,,https://sea.banggood.com/Wholesale-Bike-Pumps-and-Tire-ca-18104.html?bid=2107020404
Sports & Outdoor,,,https://sea.banggood.com/Wholesale-Bike-Holder-ca-18101.html?bid=2107020405
Sports & Outdoor,,,https://sea.banggood.com/Wholesale-Bike-Bag-Supplies-ca-6006.html?bid=2107020406
Sports & Outdoor,,,https://sea.banggood.com/Wholesale-Bike-Accessories-ca-6007.html?bid=2107020407
Sports & Outdoor,,,https://sea.banggood.com/Wholesale-Portable-Power-Devices-ca-18219.html?bid=2107020701
Sports & Outdoor,,,https://sea.banggood.com/Wholesale-Solar-Chargers-ca-18220.html?bid=2107020702
Sports & Outdoor,,,https://sea.banggood.com/Wholesale-Bags-and-Backpacks-ca-6031.html?bid=2107020201
Sports & Outdoor,,,https://sea.banggood.com/Wholesale-Telescope-and-Binoculars-ca-6036.html?bid=2107020202
Sports & Outdoor,,,https://sea.banggood.com/Wholesale-Camping-Lights-ca-6035.html?bid=2107020203
Sports & Outdoor,,,https://sea.banggood.com/Wholesale-Tent-and-sunshade-ca-6034.html?bid=2107020204
Sports & Outdoor,,,https://sea.banggood.com/Wholesale-Camp-Kitchen-ca-18314.html?bid=2107020205
Sports & Outdoor,,,https://sea.banggood.com/Wholesale-Camp-Furniture-ca-18113.html?bid=2107020206
Sports & Outdoor,,,https://sea.banggood.com/Wholesale-Camp-Bedding-ca-6033.html?bid=2107020207
Sports & Outdoor,,,https://sea.banggood.com/Wholesale-LED-Flashlight-ca-18929.html?bid=2107020501
Sports & Outdoor,,,https://sea.banggood.com/Wholesale-Charger-ca-18930.html?bid=2107020502
Sports & Outdoor,,,https://sea.banggood.com/Wholesale-Battery-And-Case-ca-18931.html?bid=2107020503
Sports & Outdoor,,,https://sea.banggood.com/Wholesale-Work-Lights-ca-18934.html?bid=2107020504
Sports & Outdoor,,,https://sea.banggood.com/Wholesale-Diving-Lights-ca-18933.html?bid=2107020505
Sports & Outdoor,,,https://sea.banggood.com/Wholesale-Flashlight-Accessories-ca-18935.html?bid=2107020506
Sports & Outdoor,,,https://sea.banggood.com/Wholesale-Fishing-ca-18115.html?bid=2107020801
Sports & Outdoor,,,https://sea.banggood.com/Wholesale-Fishing-Lures-ca-18225.html?bid=2107020802
Sports & Outdoor,,,https://sea.banggood.com/Wholesale-Hunting-ca-6028.html?bid=2107020803
Sports & Outdoor,,,https://sea.banggood.com/Wholesale-Tactical-Supplies-ca-18116.html?bid=2107020804
Sports & Outdoor,,,https://sea.banggood.com/Wholesale-Treadmills-ca-18298.html?bid=2107020301
Sports & Outdoor,,,https://sea.banggood.com/Wholesale-Fitness-Technology-ca-18284.html?bid=2107020302
Sports & Outdoor,,,https://sea.banggood.com/Wholesale-Fitness-Equipment-ca-6018.html?bid=2107020303
Sports & Outdoor,,,https://sea.banggood.com/Wholesale-Yoga-ca-6021.html?bid=2107020304
Sports & Outdoor,,,https://sea.banggood.com/Wholesale-Sneakers-ca-18121.html?bid=2107020601
Sports & Outdoor,,,https://sea.banggood.com/Wholesale-Beach-and-Outdoor-Sandals-ca-18122.html?bid=2107020602
Sports & Outdoor,,,https://sea.banggood.com/Wholesale-Winter-Sports-Clothing-ca-18126.html?bid=2107020603
Sports & Outdoor,,,https://sea.banggood.com/Wholesale-Cycling-Clothing-ca-6048.html?bid=2107020604
Sports & Outdoor,,,https://sea.banggood.com/Wholesale-Sports-Accessories-ca-18127.html?bid=2107020605
Sports & Outdoor,,,https://sea.banggood.com/Wholesale-Diving-ca-18309.html?bid=2107020901
Sports & Outdoor,,,https://sea.banggood.com/Wholesale-Paddle-Boarding-ca-18311.html?bid=2107020902
Sports & Outdoor,,,https://sea.banggood.com/Wholesale-Swimming-ca-18301.html?bid=2107020903
Sports & Outdoor,,,https://sea.banggood.com/Wholesale-Surfing-and-Boating-ca-18310.html?bid=2107020904
"Tools, Industrial & Scientific",,,https://sea.banggood.com/Wholesale-Power-Drill-ca-3092.html?bid=2107030101
"Tools, Industrial & Scientific",,,https://sea.banggood.com/Wholesale-Electric-Screwdriver-ca-3094.html?bid=2107030102
"Tools, Industrial & Scientific",,,https://sea.banggood.com/Wholesale-Electric-Wrench-ca-3093.html?bid=2107030103
"Tools, Industrial & Scientific",,,https://sea.banggood.com/Wholesale-Electric-Polisher-ca-3100.html?bid=2107030104
"Tools, Industrial & Scientific",,,https://sea.banggood.com/Wholesale-Turbo-Fan-ca-18996.html?bid=2107030105
"Tools, Industrial & Scientific",,,https://sea.banggood.com/Wholesale-Other-Power-Tools-ca-3099.html?bid=2107030106
"Tools, Industrial & Scientific",,,https://sea.banggood.com/Wholesale-Woodworking-Clamp-ca-18883.html?bid=2107030401
"Tools, Industrial & Scientific",,,https://sea.banggood.com/Wholesale-Pocket-Hole-Jig-ca-18888.html?bid=2107030402
"Tools, Industrial & Scientific",,,https://sea.banggood.com/Wholesale-Router-Table-Plate-ca-18889.html?bid=2107030403
"Tools, Industrial & Scientific",,,https://sea.banggood.com/Wholesale-Miter-Gauge-ca-18890.html?bid=2107030404
"Tools, Industrial & Scientific",,,https://sea.banggood.com/Wholesale-Miter-Slot-ca-18893.html?bid=2107030405
"Tools, Industrial & Scientific",,,https://sea.banggood.com/Wholesale-Woodworking-Scriber-ca-18884.html?bid=2107030406
"Tools, Industrial & Scientific",,,https://sea.banggood.com/Wholesale-Wood-Angle-Ruler-ca-18886.html?bid=2107030407
"Tools, Industrial & Scientific",,,https://sea.banggood.com/Wholesale-Router-Bit-ca-18894.html?bid=2107030408
"Tools, Industrial & Scientific",,,https://sea.banggood.com/Wholesale-Wood-Turning-Tool-ca-18895.html?bid=2107030409
"Tools, Industrial & Scientific",,,https://sea.banggood.com/Wholesale-Garden-Saw-ca-18936.html?bid=2107030701
"Tools, Industrial & Scientific",,,https://sea.banggood.com/Wholesale-Pruning-Shears-ca-18937.html?bid=2107030702
"Tools, Industrial & Scientific",,,https://sea.banggood.com/Wholesale-Lawn-Mower-ca-18998.html?bid=2107030703
"Tools, Industrial & Scientific",,,https://sea.banggood.com/Wholesale-Digital-Multimeters-and-Oscilloscope-ca-3042.html?bid=2107030201
"Tools, Industrial & Scientific",,,https://sea.banggood.com/Wholesale-Optical-Instruments-ca-3047.html?bid=2107030202
"Tools, Industrial & Scientific",,,https://sea.banggood.com/Wholesale-Temperature-Measurements-ca-3053.html?bid=2107030203
"Tools, Industrial & Scientific",,,https://sea.banggood.com/Wholesale-Nature-Element-Measurements-ca-3063.html?bid=2107030204
"Tools, Industrial & Scientific",,,https://sea.banggood.com/Wholesale-Laser-Levels-ca-3071.html?bid=2107030205
"Tools, Industrial & Scientific",,,https://sea.banggood.com/Wholesale-Network-Cable-Testers-ca-3081.html?bid=2107030206
"Tools, Industrial & Scientific",,,https://sea.banggood.com/Wholesale-Spectrum-Analyzers-ca-18997.html?bid=2107030207
"Tools, Industrial & Scientific",,,https://sea.banggood.com/Wholesale-Electrical-Soldering-Tools-ca-3012.html?bid=2107030501
"Tools, Industrial & Scientific",,,https://sea.banggood.com/Wholesale-Electrical-Welding-Tools-ca-3019.html?bid=2107030502
"Tools, Industrial & Scientific",,,https://sea.banggood.com/Wholesale-Locksmith-Supplies-ca-3026.html?bid=2107030503
"Tools, Industrial & Scientific",,,https://sea.banggood.com/Wholesale-Welding-supplies-and-smelting-equipment-ca-18976.html?bid=2107030504
"Tools, Industrial & Scientific",,,https://sea.banggood.com/Wholesale-Power-Supply-ca-3278.html?bid=2107030801
"Tools, Industrial & Scientific",,,https://sea.banggood.com/Wholesale-Inverters-and-Converters-ca-3286.html?bid=2107030802
"Tools, Industrial & Scientific",,,https://sea.banggood.com/Wholesale-Solar-Power-ca-3266.html?bid=2107030803
"Tools, Industrial & Scientific",,,https://sea.banggood.com/Wholesale-Connectors-and-Terminals-ca-3260.html?bid=2107030804
"Tools, Industrial & Scientific",,,https://sea.banggood.com/Wholesale-Electrical-Pump-and-Valve-ca-3265.html?bid=2107030805
"Tools, Industrial & Scientific",,,https://sea.banggood.com/Wholesale-Power-Generation-Instruments-ca-18940.html?bid=2107030806
"Tools, Industrial & Scientific",,,https://sea.banggood.com/Wholesale-Laser-Module-ca-3165.html?bid=2107030301
"Tools, Industrial & Scientific",,,https://sea.banggood.com/Wholesale-Laser-Accessories-ca-3166.html?bid=2107030302
"Tools, Industrial & Scientific",,,https://sea.banggood.com/Wholesale-Screwdrivers-ca-3109.html?bid=2107030601
"Tools, Industrial & Scientific",,,https://sea.banggood.com/Wholesale-Pliers-ca-3121.html?bid=2107030602
"Tools, Industrial & Scientific",,,https://sea.banggood.com/Wholesale-Wrenches-ca-3127.html?bid=2107030603
"Tools, Industrial & Scientific",,,https://sea.banggood.com/Wholesale-Clamping-Tools-and-Bench-Vises-ca-3115.html?bid=2107030604
"Tools, Industrial & Scientific",,,https://sea.banggood.com/Wholesale-Hand-and-Power-Tool-Accessories-ca-3131.html?bid=2107030901
"Tools, Industrial & Scientific",,,https://sea.banggood.com/Wholesale-Drill-Bits-ca-3139.html?bid=2107030902
"Tools, Industrial & Scientific",,,https://sea.banggood.com/Wholesale-Tool-Parts-ca-3157.html?bid=2107030903
"Tools, Industrial & Scientific",,,https://sea.banggood.com/Wholesale-Linear-Motion-ca-3171.html?bid=2107030904
"Tools, Industrial & Scientific",,,https://sea.banggood.com/Wholesale-Cutting-Tool-ca-3182.html?bid=2107030905
"Tools, Industrial & Scientific",,,https://sea.banggood.com/Wholesale-Lathe-Tool-ca-3190.html?bid=2107030906
Automobiles & Motorcycles,Car Electronics,Jump Starter,https://sea.banggood.com/Wholesale-Jump-Starter-ca-4044.html?bid=2107040101
Automobiles & Motorcycles,Car Electronics,Car Heater,https://sea.banggood.com/Wholesale-Car-Heater-ca-4133.html?bid=2107040102
Automobiles & Motorcycles,Car Electronics,Power Station,https://sea.banggood.com/Wholesale-Power-Station-ca-18967.html?bid=2107040103
Automobiles & Motorcycles,Car Electronics,Tire Air Compressors & Inflators,https://sea.banggood.com/Wholesale-Car-Inflatable-Pump-ca-4134.html?bid=2107040104
Automobiles & Motorcycles,Car Electronics,Car DVR Camera,https://sea.banggood.com/Wholesale-Car-DVR-Camera-ca-4119.html?bid=2107040105
Automobiles & Motorcycles,Car Electronics,Car Refrigerator,https://sea.banggood.com/Wholesale-Car-Refrigerator-ca-4140.html?bid=2107040106
Automobiles & Motorcycles,Car Electronics,Car Vacuum Cleaner,https://sea.banggood.com/Wholesale-Car-Vacuum-Cleaner-ca-4132.html?bid=2107040107
Automobiles & Motorcycles,Car Electronics,Car Charger,https://sea.banggood.com/Wholesale-Car-Charger-ca-4127.html?bid=2107040108
Automobiles & Motorcycles,Car Electronics,Sports & Action Video Cameras,https://sea.banggood.com/Wholesale-Sports-and-Action-Video-Cameras-ca-18968.html?bid=2107040109
Automobiles & Motorcycles,Car Electronics,Car Power Inverter,https://sea.banggood.com/Wholesale-Car-Power-Inverter-ca-4045.html?bid=2107040110
Automobiles & Motorcycles,Car Audio & Monitor,Android Car Radios,https://sea.banggood.com/Wholesale-Android-Car-Radios-ca-4004.html?bid=2107040401
Automobiles & Motorcycles,Car Audio & Monitor,Bluetooth Car Kits,https://sea.banggood.com/Wholesale-Bluetooth-Receiver-and-Transmitter-ca-4012.html?bid=2107040402
Automobiles & Motorcycles,Car Audio & Monitor,Car Amplifiers,https://sea.banggood.com/Wholesale-Car-Amplifiers-ca-4011.html?bid=2107040403
Automobiles & Motorcycles,Car Audio & Monitor,Car MP5 Player,https://sea.banggood.com/Wholesale-Car-MP5-Player-ca-4006.html?bid=2107040404
Automobiles & Motorcycles,Car Audio & Monitor,Car Multimedia Player,https://sea.banggood.com/Wholesale-Car-Multimedia-Player-ca-4007.html?bid=2107040405
Automobiles & Motorcycles,Car Audio & Monitor,Special Car Stereos,https://sea.banggood.com/Wholesale-Special-Car-Stereos-ca-4008.html?bid=2107040406
Automobiles & Motorcycles,Car Alarm & Security,Car Alarm System,https://sea.banggood.com/Wholesale-Car-Alarm-System-ca-4047.html?bid=2107040701
Automobiles & Motorcycles,Car Alarm & Security,Car HUD Display,https://sea.banggood.com/Wholesale-Car-HUD-Display-ca-4048.html?bid=2107040702
Automobiles & Motorcycles,Car Alarm & Security,Tire Pressure Alarm,https://sea.banggood.com/Wholesale-Tire-Pressure-Alarm-ca-4142.html?bid=2107040703
Automobiles & Motorcycles,Car Repair Tools,Floor Jacks,https://sea.banggood.com/Wholesale-Floor-Jacks-ca-18969.html?bid=2107040201
Automobiles & Motorcycles,Car Repair Tools,Code Readers & Scan Tools,https://sea.banggood.com/Wholesale-Code-Readers-and-Scan-Tools-ca-4050.html?bid=2107040202
Automobiles & Motorcycles,Car Repair Tools,Hand Tools,https://sea.banggood.com/Wholesale-Hand-Tools-ca-4052.html?bid=2107040203
Automobiles & Motorcycles,Car Repair Tools,Tester & Analyzer,https://sea.banggood.com/Wholesale-Tester-and-Analyzer-ca-4058.html?bid=2107040204
Automobiles & Motorcycles,Car Wash & Maintenance,Car Cleaning Equipments,https://sea.banggood.com/Wholesale-Car-Cleaning-Equipments-ca-4172.html?bid=2107040501
Automobiles & Motorcycles,Car Wash & Maintenance,Car Maintenance Accessories,https://sea.banggood.com/Wholesale-Car-Maintenance-Hardware-Accessories-ca-4117.html?bid=2107040502
Automobiles & Motorcycles,Car Lights,Decoration Lights,https://sea.banggood.com/Wholesale-Decoration-Lights-ca-4029.html?bid=2107040801
Automobiles & Motorcycles,Car Lights,Emergency & Strobe Lights,https://sea.banggood.com/Wholesale-Emergency-and-Strobe-Lights-ca-4020.html?bid=2107040802
Automobiles & Motorcycles,Car Lights,Headlights,https://sea.banggood.com/Wholesale-Headlights-ca-4017.html?bid=2107040803
Automobiles & Motorcycles,Car Lights,LED Work Lights,https://sea.banggood.com/Wholesale-LED-Work-Lights-ca-4019.html?bid=2107040804
Automobiles & Motorcycles,Car Lights,Off Road Light,https://sea.banggood.com/Wholesale-Off-Road-Light-ca-4018.html?bid=2107040805
Automobiles & Motorcycles,Car Lights,Signal Lights,https://sea.banggood.com/Wholesale-Signal-Lights-ca-4021.html?bid=2107040806
Automobiles & Motorcycles,Auto Parts,Auto Replacement Parts,https://sea.banggood.com/Wholesale-Auto-Replacement-Parts-ca-4094.html?bid=2107040301
Automobiles & Motorcycles,Auto Parts,Glasses & Windows,https://sea.banggood.com/Wholesale-Glasses-and-Windows-ca-4101.html?bid=2107040302
Automobiles & Motorcycles,Auto Parts,Electric Vehicle Parts,https://sea.banggood.com/Wholesale-Electric-Vehicle-Parts-ca-4263.html?bid=2107040303
Automobiles & Motorcycles,Auto Parts,Interior Accessories,https://sea.banggood.com/Wholesale-Interior-Accessories-ca-4143.html?bid=2107040304
Automobiles & Motorcycles,Auto Parts,Exterior Accessories,https://sea.banggood.com/Wholesale-Exterior-Accessories-ca-4164.html?bid=2107040305
Automobiles & Motorcycles,Auto Parts,Car Modifications,https://sea.banggood.com/Wholesale-Car-Modifications-ca-4108.html?bid=2107040306
Automobiles & Motorcycles,Motorcycle Accessories & Parts,Motorcycle Accessories,https://sea.banggood.com/Wholesale-Motorcycle-Accessories-ca-4239.html?bid=2107040601
Automobiles & Motorcycles,Motorcycle Accessories & Parts,Motorcycle Alarm & Protective Gears,https://sea.banggood.com/Wholesale-Motorcycle-Alarm-and-Protective-Gears-ca-18973.html?bid=2107040602
Automobiles & Motorcycles,Motorcycle Accessories & Parts,Motorcycle Engines & Component,https://sea.banggood.com/Wholesale-Motorcycle-Engines-and-Component-ca-4202.html?bid=2107040603
Automobiles & Motorcycles,Motorcycle Accessories & Parts,Motorcycle Helmet,https://sea.banggood.com/Wholesale-Motorcycle-Helmet-ca-4215.html?bid=2107040604
Automobiles & Motorcycles,Motorcycle Accessories & Parts,Motorcycle Lights,https://sea.banggood.com/Wholesale-Motorcycle-Lights-ca-4183.html?bid=2107040605
Automobiles & Motorcycles,Boat,Boat Accessories,https://sea.banggood.com/Wholesale-Boat-Accessories-ca-4253.html?bid=2107040901
Automobiles & Motorcycles,Boat,Boat Electrical Equipment & Lights,https://sea.banggood.com/Wholesale-Boat-Electrical-Equipment-and-Lights-ca-4262.html?bid=2107040902
Automobiles & Motorcycles,Boat,Boat Engines & Motors,https://sea.banggood.com/Wholesale-Boat-Engines-and-Motors-ca-4258.html?bid=2107040903
Automobiles & Motorcycles,Boat,Boat Parts,https://sea.banggood.com/Wholesale-Boat-Parts-ca-4259.html?bid=2107040904
Electronics,3D Printer & Supplies,3D Printer,https://sea.banggood.com/Wholesale-3D-Printer-ca-2003.html?bid=2107050101
Electronics,3D Printer & Supplies,3D Printer Filament,https://sea.banggood.com/Wholesale-3D-Printer-Filament-ca-2007.html?bid=2107050102
Electronics,3D Printer & Supplies,3D Printer Accessories,https://sea.banggood.com/Wholesale-3D-Printer-Accessories-ca-2005.html?bid=2107050103
Electronics,3D Printer & Supplies,3D Printer Module Board,https://sea.banggood.com/Wholesale-3D-Printer-Module-Board-ca-2006.html?bid=2107050104
Electronics,Laser Engraver & Supplies,Laser Engraving Machine,https://sea.banggood.com/Wholesale-Laser-Engraving-Machine-ca-18982.html?bid=2107050401
Electronics,Laser Engraver & Supplies,Laser Accessories,https://sea.banggood.com/Wholesale-Laser-Accessories-ca-18983.html?bid=2107050402
Electronics,Laser Engraver & Supplies,Laser Module,https://sea.banggood.com/Wholesale-Laser-Module-ca-18984.html?bid=2107050403
Electronics,Smart Home,Access Control & Intercoms,https://sea.banggood.com/Wholesale-Access-Control-and-Intercoms-ca-2230.html?bid=2107050701
Electronics,Smart Home,Home Automatic Kits,https://sea.banggood.com/Wholesale-Home-Automatic-Kits-ca-2229.html?bid=2107050702
Electronics,Smart Home,Security Alarm System,https://sea.banggood.com/Wholesale-Security-Alarm-System-ca-2219.html?bid=2107050703
Electronics,Smart Home,Smart Remote Control,https://sea.banggood.com/Wholesale-Smart-Remote-Control-ca-9054.html?bid=2107050704
Electronics,Smart Home,Weather Station & Thermometer,https://sea.banggood.com/Wholesale-Weather-Station-and-Thermometer-ca-2227.html?bid=2107050705
Electronics,Security & Protection,Security Cameras,https://sea.banggood.com/Wholesale-Security-Cameras-ca-2471.html?bid=2107050201
Electronics,Security & Protection,Baby Monitor,https://sea.banggood.com/Wholesale-Baby-Monitor-ca-18979.html?bid=2107050202
Electronics,Security & Protection,Alarm System,https://sea.banggood.com/Wholesale-Alarm-System-ca-2479.html?bid=2107050203
Electronics,Security & Protection,Walkie Talkies,https://sea.banggood.com/Wholesale-Walkie-Talkies-ca-2483.html?bid=2107050204
Electronics,Security & Protection,CCTV Security Accessories,https://sea.banggood.com/Wholesale-CCTV-Security-Accessories-ca-2494.html?bid=2107050205
Electronics,Security & Protection,Video Doorbell,https://sea.banggood.com/Wholesale-Video-Doorbell-ca-2511.html?bid=2107050206
Electronics,Security & Protection,Labor Insurance Supplies,https://sea.banggood.com/Wholesale-Labor-Insurance-Supplies-ca-2513.html?bid=2107050207
Electronics,Security & Protection,Fingerprint Lock,https://sea.banggood.com/Wholesale-Fingerprint-Lock-ca-18980.html?bid=2107050208
Electronics,Photography & Camera Acc,Digital Cameras,https://sea.banggood.com/Wholesale-Digital-Cameras-ca-2338.html?bid=2107050501
Electronics,Photography & Camera Acc,Sports Camera & Accessories,https://sea.banggood.com/Wholesale-Sports-Camera-and-Accessories-ca-2345.html?bid=2107050502
Electronics,Photography & Camera Acc,Mobile Photography,https://sea.banggood.com/Wholesale-Mobile-Photography-ca-2363.html?bid=2107050503
Electronics,Photography & Camera Acc,Hunting Cameras,https://sea.banggood.com/Wholesale-Hunting-Cameras-ca-2341.html?bid=2107050504
Electronics,Photography & Camera Acc,Studio Equipments,https://sea.banggood.com/Wholesale-Studio-Equipments-ca-2408.html?bid=2107050505
Electronics,Photography & Camera Acc,Camera Accessories,https://sea.banggood.com/Wholesale-Camera-Accessories-ca-2420.html?bid=2107050506
Electronics,Photography & Camera Acc,Tripods & Supports,https://sea.banggood.com/Wholesale-Tripods-and-Supports-ca-2396.html?bid=2107050507
Electronics,Photography & Camera Acc,Lenses & Accessories,https://sea.banggood.com/Wholesale-Lenses-and-Accessories-ca-2041.html?bid=2107050508
Electronics,Module Board,Motherboard & Development Board,https://sea.banggood.com/Wholesale-Motherboard-and-Development-Board-ca-2285.html?bid=2107050301
Electronics,Module Board,Board & Shield,https://sea.banggood.com/Wholesale-Board-and-Shield-ca-2279.html?bid=2107050302
Electronics,Module Board,Power Supply Module,https://sea.banggood.com/Wholesale-Power-Supply-Module-ca-2288.html?bid=2107050303
Electronics,Module Board,Raspberry Pi & Orange Pi,https://sea.banggood.com/Wholesale-Raspberry-Pi-and-Orange-Pi-ca-2289.html?bid=2107050304
Electronics,Module Board,Sensor & Detector Module,https://sea.banggood.com/Wholesale-Sensor-and-Detector-Module-ca-2287.html?bid=2107050305
Electronics,Module Board,Smart Module,https://sea.banggood.com/Wholesale-Smart-Module-ca-2286.html?bid=2107050306
Electronics,Module Board,Amplifier Board,https://sea.banggood.com/Wholesale-Amplifier-Board-ca-2296.html?bid=2107050307
Electronics,Module Board,Battery Protection Module,https://sea.banggood.com/Wholesale-Battery-Protection-Module-ca-2300.html?bid=2107050308
Electronics,Module Board,Test & Measuring Module,https://sea.banggood.com/Wholesale-Test-and-Measuring-Module-ca-2292.html?bid=2107050309
Electronics,DIY Electronic Kits & Components,DIY Electronic Kits,https://sea.banggood.com/Wholesale-DIY-Electronic-Kits-ca-2305.html?bid=2107050601
Electronics,DIY Electronic Kits & Components,Module Components,https://sea.banggood.com/Wholesale-Module-Components-ca-2308.html?bid=2107050602
Electronics,DIY Electronic Kits & Components,Electronic Accessories & Supplies,https://sea.banggood.com/Wholesale-Electronic-Accessories-and-Supplies-ca-2306.html?bid=2107050603
Electronics,DIY Electronic Kits & Components,Smart Robot & Solar Panel,https://sea.banggood.com/Wholesale-Smart-Robot-and-Solar-Panel-ca-2307.html?bid=2107050604
"Audio, Mobile Phones & Accessories",Mobile Phones,Smartphones,https://sea.banggood.com/Wholesale-Smartphones-ca-1004.html?bid=2107060101
"Audio, Mobile Phones & Accessories",Mobile Phones,Mini Card Phones,https://sea.banggood.com/Wholesale-Mini-Card-Phones-ca-1005.html?bid=2107060102
"Audio, Mobile Phones & Accessories",Chargers & Cables,Chargers,https://sea.banggood.com/Wholesale-Chargers-ca-1055.html?bid=2107060401
"Audio, Mobile Phones & Accessories",Chargers & Cables,Cables,https://sea.banggood.com/Wholesale-Cables-ca-1014.html?bid=2107060402
"Audio, Mobile Phones & Accessories",Chargers & Cables,Wireless Chargers,https://sea.banggood.com/Wholesale-Wireless-Chargers-ca-1018.html?bid=2107060403
"Audio, Mobile Phones & Accessories",Chargers & Cables,Car Chargers,https://sea.banggood.com/Wholesale-Car-Chargers-ca-1017.html?bid=2107060404
"Audio, Mobile Phones & Accessories",Chargers & Cables,Adapters,https://sea.banggood.com/Wholesale-Adapters-ca-1015.html?bid=2107060405
"Audio, Mobile Phones & Accessories",Power Banks & Stations,Power Stations,https://sea.banggood.com/Wholesale-Power-Stations-ca-1059.html?bid=2107060601
"Audio, Mobile Phones & Accessories",Power Banks & Stations,Power Banks,https://sea.banggood.com/Wholesale-Power-Banks-ca-1060.html?bid=2107060602
"Audio, Mobile Phones & Accessories",Smart Wearable,Smart Watch,https://sea.banggood.com/Wholesale-Smart-Watch-ca-2210.html?bid=2107060201
"Audio, Mobile Phones & Accessories",Smart Wearable,Smart Wristband,https://sea.banggood.com/Wholesale-Smart-Wristband-ca-1095.html?bid=2107060202
"Audio, Mobile Phones & Accessories",Smart Wearable,Smart Glasses,https://sea.banggood.com/Wholesale-Smart-Glasses-ca-2209.html?bid=2107060203
"Audio, Mobile Phones & Accessories",Mounts & Holders,Car Phone Holders,https://sea.banggood.com/Wholesale-Car-Phone-Holders-ca-1071.html?bid=2107060501
"Audio, Mobile Phones & Accessories",Mounts & Holders,Desktop Holders,https://sea.banggood.com/Wholesale-Desktop-Holders-ca-18971.html?bid=2107060502
"Audio, Mobile Phones & Accessories",Portable Audio Devices,Earphones,https://sea.banggood.com/Wholesale-Earbud-Headphones-and-Earphones-ca-1049.html?bid=2107060301
"Audio, Mobile Phones & Accessories",Portable Audio Devices,Over-ear Headset,https://sea.banggood.com/Wholesale-On-ear-and-Over-ear-Earphones-ca-1050.html?bid=2107060302
"Audio, Mobile Phones & Accessories",Portable Audio Devices,Speakers,https://sea.banggood.com/Wholesale-Bluetooth-Speakers-ca-1048.html?bid=2107060303
"Audio, Mobile Phones & Accessories",Portable Audio Devices,Microphone,https://sea.banggood.com/Wholesale-Microphone-ca-2174.html?bid=2107060304
"Audio, Mobile Phones & Accessories",Portable Audio Devices,Radio,https://sea.banggood.com/Wholesale-Speakers-and-Radios-ca-2332.html?bid=2107060305
"Audio, Mobile Phones & Accessories",Portable Audio Devices,Media Players,https://sea.banggood.com/Wholesale-Media-Players-ca-2328.html?bid=2107060306
"Audio, Mobile Phones & Accessories",Portable Audio Devices,Headphone Amp & Sound Card,https://sea.banggood.com/Wholesale-Headphone-Amp-and-Sound-Card-ca-18037.html?bid=2107060307
"Audio, Mobile Phones & Accessories",Portable Audio Devices,Audio Accessories,https://sea.banggood.com/Wholesale-Headphones-and-Speakers-Accessories-ca-1051.html?bid=2107060308
"Computers,Videos & Games",Tablet PC,Android Tablet,https://sea.banggood.com/Wholesale-Tablet-PC-ca-5017.html?bid=2107070101
"Computers,Videos & Games",Tablet PC,Windows Tablet,https://sea.banggood.com/Wholesale-Tablet-PC-ca-5017.html?bid=2107070102
"Computers,Videos & Games",Laptops Accessories,"Laptop Bags,Cases & Sleeves","https://sea.banggood.com/Wholesale-Laptop-Bags,Cases-and-Sleeves-ca-5170.html?bid=2107070901"
"Computers,Videos & Games",Laptops Accessories,Cooling Pads & Stands,https://sea.banggood.com/Wholesale-Cooling-Pads-ca-5172.html?bid=2107070902
"Computers,Videos & Games",Drives and Storage,Secure Digital Memory Cards,https://sea.banggood.com/Wholesale-Secure-Digital-Memory-Cards-ca-5058.html?bid=2107071201
"Computers,Videos & Games",Drives and Storage,USB Flash Drives,https://sea.banggood.com/Wholesale-USB-Flash-Drives-ca-5054.html?bid=2107071202
"Computers,Videos & Games",Drives and Storage,HDD SSD Enclosures,https://sea.banggood.com/Wholesale-HDD-SSD-Enclosures-ca-5055.html?bid=2107071203
"Computers,Videos & Games",Drives and Storage,Solid State Drives,https://sea.banggood.com/Wholesale-Solid-State-Drives-ca-5057.html?bid=2107071204
"Computers,Videos & Games",Drives and Storage,Card Readers,https://sea.banggood.com/Wholesale-Card-Readers-ca-5059.html?bid=2107071205
"Computers,Videos & Games",Computer Peripherals,Mechanical Gaming Keyboard,https://sea.banggood.com/Wholesale-Mechanical-Gaming-Keyboard-ca-5030.html?bid=2107070201
"Computers,Videos & Games",Computer Peripherals,Mouse,https://sea.banggood.com/Wholesale-Mouse-ca-5033.html?bid=2107070202
"Computers,Videos & Games",Computer Peripherals,USB Hubs,https://sea.banggood.com/Wholesale-USB-Hubs-ca-5006.html?bid=2107070203
"Computers,Videos & Games",Computer Peripherals,Monitor,https://sea.banggood.com/Wholesale-Monitor-ca-5016.html?bid=2107070204
"Computers,Videos & Games",Computer Peripherals,Monitors Accessories,https://sea.banggood.com/Wholesale-Monitors-Accessories-ca-5015.html?bid=2107070205
"Computers,Videos & Games",Computer Peripherals,Gaming Chairs and Desks,https://sea.banggood.com/Wholesale-Gaming-Chairs-and-Desks-ca-18985.html?bid=2107070206
"Computers,Videos & Games",Computer Peripherals,Air mouse,https://sea.banggood.com/Wholesale-Air-Mouse-ca-18986.html?bid=2107070207
"Computers,Videos & Games",Computer Components,Fans & Cooling,https://sea.banggood.com/Wholesale-Fans-and-Cooling-ca-5042.html?bid=2107070501
"Computers,Videos & Games",Computer Components,Optical Drives,https://sea.banggood.com/Wholesale-Optical-Drives-ca-5040.html?bid=2107070502
"Computers,Videos & Games",Networking,Routers,https://sea.banggood.com/Wholesale-Routers-ca-5062.html?bid=2107070801
"Computers,Videos & Games",Networking,Repeaters,https://sea.banggood.com/Wholesale-Repeaters-ca-5063.html?bid=2107070802
"Computers,Videos & Games",Networking,Bluetooth Adapters & Dongles,https://sea.banggood.com/Wholesale-Bluetooth-Adapters-and-Dongles-ca-5065.html?bid=2107070803
"Computers,Videos & Games",Tv & Projectors,Projectors & Theaters,https://sea.banggood.com/Wholesale-Projectors-and-Theaters-ca-5084.html?bid=2107070301
"Computers,Videos & Games",Tv & Projectors,Projector Screen,https://sea.banggood.com/Wholesale-Projector-Screen-ca-5089.html?bid=2107070302
"Computers,Videos & Games",Tv & Projectors,Projector Stand,https://sea.banggood.com/Wholesale-Projector-Stand-ca-5086.html?bid=2107070303
"Computers,Videos & Games",Tv & Projectors,TV Boxes,https://sea.banggood.com/Wholesale-TV-Boxes-ca-2312.html?bid=2107070304
"Computers,Videos & Games",Tv & Projectors,Television & Accessories,https://sea.banggood.com/Wholesale-Television-and-Accessories-ca-18988.html?bid=2107070305
"Computers,Videos & Games",Video Games Accessories,Video Games Console,https://sea.banggood.com/Wholesale-Video-Games-Console-ca-2134.html?bid=2107070601
"Computers,Videos & Games",Video Games Accessories,Video Games Controller,https://sea.banggood.com/Wholesale-Video-Games-Controller-ca-2138.html?bid=2107070602
"Computers,Videos & Games",Video Games Accessories,Arcade Video Games,https://sea.banggood.com/Wholesale-Arcade-Video-Games-ca-2147.html?bid=2107070603
Home Appliances & Health,Cleaning Appliances,Robot Vacuums Cleaners,https://sea.banggood.com/Wholesale-Robot-Vacuums-Cleaners-ca-9003.html?bid=2107080101
Home Appliances & Health,Cleaning Appliances,Vacuum Cleaners,https://sea.banggood.com/Wholesale-Vacuum-Cleaners-ca-18950.html?bid=2107080102
Home Appliances & Health,Cleaning Appliances,Electric Floor Mops,https://sea.banggood.com/Wholesale-Electric-Floor-Mops-ca-9007.html?bid=2107080103
Home Appliances & Health,Cleaning Appliances,Electric Window Cleaners,https://sea.banggood.com/Wholesale-Electric-Window-Cleaners-ca-9006.html?bid=2107080104
Home Appliances & Health,Cleaning Appliances,Cleaning Appliance Parts,https://sea.banggood.com/Wholesale-Cleaning-Appliance-Parts-ca-9104.html?bid=2107080105
Home Appliances & Health,Kitchen Appliances,Air Fryers & Oven,https://sea.banggood.com/Wholesale-Air-Fryers-and-Oven-ca-18951.html?bid=2107080401
Home Appliances & Health,Kitchen Appliances,Sous Vide Cooker,https://sea.banggood.com/Wholesale-Sous-Vide-Cooker-ca-9078.html?bid=2107080402
Home Appliances & Health,Kitchen Appliances,Juicers,https://sea.banggood.com/Wholesale-Juicers-ca-9067.html?bid=2107080403
Home Appliances & Health,Kitchen Appliances,"Coffee, Tea & Espresso","https://sea.banggood.com/Wholesale-Coffee,Tea-and-Espresso-ca-9069.html?bid=2107080404"
Home Appliances & Health,Kitchen Appliances,Mixers & Blenders,https://sea.banggood.com/Wholesale-Mixers-and-Blenders-ca-18952.html?bid=2107080405
Home Appliances & Health,Kitchen Appliances,Dishwasher,https://sea.banggood.com/Wholesale-Dishwasher-ca-18953.html?bid=2107080406
Home Appliances & Health,Kitchen Appliances,Vacuum Sealer,https://sea.banggood.com/Wholesale-Vacuum-Sealer-ca-9079.html?bid=2107080407
Home Appliances & Health,Home Appliance Parts,Laundry Appliances & Parts,https://sea.banggood.com/Wholesale-Laundry-Appliance-Parts-ca-9107.html?bid=2107080701
Home Appliances & Health,Home Appliance Parts,Other Appliance Parts,https://sea.banggood.com/Wholesale-Other-Appliance-Parts-ca-18955.html?bid=2107080702
Home Appliances & Health,Household Appliances,Drying Appliances,https://sea.banggood.com/Wholesale-Drying-Appliances-ca-9034.html?bid=2107080201
Home Appliances & Health,Household Appliances,Home Heater,https://sea.banggood.com/Wholesale-Home-Heater-ca-18956.html?bid=2107080202
Home Appliances & Health,Air Conditioning Appliances,Fans,https://sea.banggood.com/Wholesale-Fans-ca-9018.html?bid=2107080501
Home Appliances & Health,Air Conditioning Appliances,Humidifiers & Aroma Diffusers,https://sea.banggood.com/Wholesale-Humidifiers-ca-9023.html?bid=2107080502
Home Appliances & Health,Air Conditioning Appliances,Air Conditioning Appliance Parts,https://sea.banggood.com/Wholesale-Air-Conditioning-Appliance-Parts-ca-9103.html?bid=2107080503
Home Appliances & Health,Massage Appliance,Massage Device,https://sea.banggood.com/Wholesale-Massage-Device-ca-18960.html?bid=2107080801
Home Appliances & Health,Massage Appliance,Massager Gun,https://sea.banggood.com/Wholesale-Massager-Gun-ca-18961.html?bid=2107080802
Home Appliances & Health,Personal Care Appliances,Hair Dryer,https://sea.banggood.com/Wholesale-Hair-Dryer-ca-9016.html?bid=2107080301
Home Appliances & Health,Personal Care Appliances,Shavers & Hair Removal,https://sea.banggood.com/Wholesale-Shavers-and-Hair-Removal-ca-13182.html?bid=2107080302
Home Appliances & Health,Personal Care Appliances,Hair Clippers,https://sea.banggood.com/Wholesale-Hair-Clippers-ca-18957.html?bid=2107080303
Home Appliances & Health,Health Care,Household Health Monitors,https://sea.banggood.com/Wholesale-Household-Health-Monitors-ca-13070.html?bid=2107080901
Home Appliances & Health,Health Care,Personal Health Care,https://sea.banggood.com/Wholesale-Personal-Health-Care-ca-13073.html?bid=2107080902
Home Appliances & Health,Health Care,Earwax Removal,https://sea.banggood.com/Wholesale-Earwax-Removal-ca-18965.html?bid=2107080903
Home Appliances & Health,Health Care,Hearing Aids,https://sea.banggood.com/Wholesale-Hearing-Aids-ca-18966.html?bid=2107080904
"Home, Garden & Furniture",Gardening,Watering & Irrigation,https://sea.banggood.com/Wholesale-Watering-and-Irrigation-ca-12210.html?bid=2107090101
"Home, Garden & Furniture",Gardening,Pest Control Products,https://sea.banggood.com/Wholesale-Pest-Control-Products-ca-12224.html?bid=2107090102
"Home, Garden & Furniture",Gardening,Indoor Gardening & Hydroponics,https://sea.banggood.com/Wholesale-Indoor-Gardening-and-Hydroponics-ca-12228.html?bid=2107090103
"Home, Garden & Furniture",Gardening,Garden Pots & Planters,https://sea.banggood.com/Wholesale-Garden-Pots-and-Planters-ca-12229.html?bid=2107090104
"Home, Garden & Furniture",Home Decor,Clocks,https://sea.banggood.com/Wholesale-Clocks-ca-12121.html?bid=2107090401
"Home, Garden & Furniture",Home Decor,Frame,https://sea.banggood.com/Wholesale-Frame-ca-12190.html?bid=2107090402
"Home, Garden & Furniture",Home Decor,Decorative Painting,https://sea.banggood.com/Wholesale-Decorative-Painting-ca-12161.html?bid=2107090403
"Home, Garden & Furniture",Home Decor,Decorative Crafts,https://sea.banggood.com/Wholesale-Decorative-Crafts-ca-12165.html?bid=2107090404
"Home, Garden & Furniture",Home Decor,Home Decor Sticker,https://sea.banggood.com/Wholesale-Home-Decor-Sticker-ca-12136.html?bid=2107090405
"Home, Garden & Furniture",Housekeeping & Organization,Storage Bags,https://sea.banggood.com/Wholesale-Storage-Bags-ca-12341.html?bid=2107090701
"Home, Garden & Furniture",Housekeeping & Organization,Storage Boxes,https://sea.banggood.com/Wholesale-Storage-Boxes-ca-12342.html?bid=2107090702
"Home, Garden & Furniture",Housekeeping & Organization,Clothing & Wardrobe Storage,https://sea.banggood.com/Wholesale-Clothing-and-Wardrobe-Storage-ca-12347.html?bid=2107090703
"Home, Garden & Furniture",Home Improvement,Plumbing,https://sea.banggood.com/Wholesale-Door-Hardware-and-Locks-ca-12549.html?bid=2107090201
"Home, Garden & Furniture",Home Improvement,Fasteners,https://sea.banggood.com/Wholesale-Packaging-and-Shipping-ca-12552.html?bid=2107090202
"Home, Garden & Furniture",Home Improvement,Faucets & Replacement Parts,https://sea.banggood.com/Wholesale-Faucets-and-Replacement-Parts-ca-18819.html?bid=2107090203
"Home, Garden & Furniture",Home Improvement,Door Hardware,https://sea.banggood.com/Wholesale-Door-Hardware-ca-18797.html?bid=2107090204
"Home, Garden & Furniture",Home Improvement,Windows Hardware,https://sea.banggood.com/Wholesale-Windows-Hardware-ca-18748.html?bid=2107090205
"Home, Garden & Furniture",Home Improvement,Bathroom Fixture,https://sea.banggood.com/Wholesale-Bathroom-Fixture-ca-12286.html?bid=2107090206
"Home, Garden & Furniture",Home Improvement,Furniture Hardware,https://sea.banggood.com/Wholesale-Furniture-Hardware-ca-18782.html?bid=2107090207
"Home, Garden & Furniture",Furniture,Outdoor Furniture,https://sea.banggood.com/Wholesale-Outdoor-Furniture-ca-12442.html?bid=2107090501
"Home, Garden & Furniture",Furniture,Bathroom Furniture,https://sea.banggood.com/Wholesale-Bathroom-Furniture-ca-12455.html?bid=2107090502
"Home, Garden & Furniture",Furniture,Dining Room Furniture,https://sea.banggood.com/Wholesale-Dining-Room-Furniture-ca-12459.html?bid=2107090503
"Home, Garden & Furniture",Furniture,Bedroom Furniture,https://sea.banggood.com/Wholesale-Bedroom-Furniture-ca-12466.html?bid=2107090504
"Home, Garden & Furniture",Furniture,Living Room Furniture,https://sea.banggood.com/Wholesale-Living-Room-Furniture-ca-12478.html?bid=2107090505
"Home, Garden & Furniture",Furniture,Office Furniture,https://sea.banggood.com/Wholesale-Office-Furniture-ca-12499.html?bid=2107090506
"Home, Garden & Furniture",Household Merchandises,Household Cleaning Tools & Accessories,https://sea.banggood.com/Wholesale-Household-Cleaning-Tools-and-Accessories-ca-18565.html?bid=2107090301
"Home, Garden & Furniture",Household Merchandises,Rain Gear,https://sea.banggood.com/Wholesale-Rain-Gear-ca-18569.html?bid=2107090302
"Home, Garden & Furniture",Household Merchandises,Cooling Products,https://sea.banggood.com/Wholesale-Cooling-Products-ca-18562.html?bid=2107090303
"Home, Garden & Furniture",Household Merchandises,Warming Products,https://sea.banggood.com/Wholesale-Warming-Products-ca-18570.html?bid=2107090304
"Home, Garden & Furniture",Household Merchandises,Household Thermometers,https://sea.banggood.com/Wholesale-Household-Thermometers-ca-18606.html?bid=2107090305
"Home, Garden & Furniture",Mother & Kids,Safety Gear,https://sea.banggood.com/Wholesale-Safety-Gear-ca-17002.html?bid=2107090601
"Home, Garden & Furniture",Mother & Kids,Activity & Gear,https://sea.banggood.com/Wholesale-Activity-and-Gear-ca-17007.html?bid=2107090602
"Home, Garden & Furniture",Mother & Kids,Baby & Kids Care,https://sea.banggood.com/Wholesale-Baby-and-Kids-Care-ca-17013.html?bid=2107090603
"Home, Garden & Furniture",Mother & Kids,Feeding Supplies,https://sea.banggood.com/Wholesale-Feeding-Supplies-ca-17034.html?bid=2107090604
"Home, Garden & Furniture",Mother & Kids,Diapering & Toilet Training,https://sea.banggood.com/Wholesale-Toys-and-Gifts-ca-17041.html?bid=2107090605
Lights & Lighting,Indoor Lighting,Ceiling Lights & Chandeliers,https://sea.banggood.com/Wholesale-Ceiling-Lights-and-Chandeliers-ca-14057.html?bid=2107100101
Lights & Lighting,Indoor Lighting,LED Bulbs & Tubes,https://sea.banggood.com/Wholesale-LED-Bulbs-and-Tubes-ca-14071.html?bid=2107100102
Lights & Lighting,Indoor Lighting,Bedside Lights & Desk Lamps,https://sea.banggood.com/Wholesale-Bedside-Lights-and-Desk-Lamps-ca-14050.html?bid=2107100103
Lights & Lighting,Indoor Lighting,Night Lights,https://sea.banggood.com/Wholesale-Night-Lights-ca-12127.html?bid=2107100104
Lights & Lighting,Indoor Lighting,Wall Lights,https://sea.banggood.com/Wholesale-Wall-Lights-ca-14053.html?bid=2107100105
Lights & Lighting,Indoor Lighting,Floor Lamps,https://sea.banggood.com/Wholesale-Floor-Lamps-ca-14068.html?bid=2107100106
Lights & Lighting,Indoor Lighting,LED Grow Lights,https://sea.banggood.com/Wholesale-LED-Grow-Lights-ca-14056.html?bid=2107100107
Lights & Lighting,Outdoor Lighting,LED Solar Lights,https://sea.banggood.com/Wholesale-LED-Solar-Lights-ca-14030.html?bid=2107100401
Lights & Lighting,Outdoor Lighting,LED Flood Lights,https://sea.banggood.com/Wholesale-LED-Flood-Lights-ca-14031.html?bid=2107100402
Lights & Lighting,Outdoor Lighting,LED Camping Lights,https://sea.banggood.com/Wholesale-LED-Camping-Lights-ca-14034.html?bid=2107100403
Lights & Lighting,Outdoor Lighting,LED Street Lights,https://sea.banggood.com/Wholesale-LED-Street-Lights-ca-14035.html?bid=2107100404
Lights & Lighting,Outdoor Lighting,LED Lawn Lights,https://sea.banggood.com/Wholesale-LED-Lawn-Lights-ca-14036.html?bid=2107100405
Lights & Lighting,Outdoor Lighting,LED Underwater Lights,https://sea.banggood.com/Wholesale-LED-Underwater-Lights-ca-14038.html?bid=2107100406
Lights & Lighting,Smart Light,Smart Ceiling Lights,https://sea.banggood.com/Wholesale-Smart-Ceiling-Lights-ca-14121.html?bid=2107100201
Lights & Lighting,Smart Light,Smart Indoor Lights,https://sea.banggood.com/Wholesale-Smart-Indoor-Lights-ca-14122.html?bid=2107100202
Lights & Lighting,Smart Light,Smart Bulbs,https://sea.banggood.com/Wholesale-Smart-Bulbs-ca-14119.html?bid=2107100203
Lights & Lighting,Smart Light,Smart Strips,https://sea.banggood.com/Wholesale-Smart-Strips-ca-14120.html?bid=2107100204
Lights & Lighting,Smart Light,Smart Accessories,https://sea.banggood.com/Wholesale-Smart-Accessories-ca-14123.html?bid=2107100205
Lights & Lighting,Commercial Lighting,Indicator & Emergency Lights,https://sea.banggood.com/Wholesale-Emergency-Lights-ca-14126.html?bid=2107100501
Lights & Lighting,Commercial Lighting,Stage Lighting Effect,https://sea.banggood.com/Wholesale-Stage-Lighting-Effect-ca-14127.html?bid=2107100502
Lights & Lighting,Commercial Lighting,Advertising Lights,https://sea.banggood.com/Wholesale-Advertising-Lights-ca-14129.html?bid=2107100503
Lights & Lighting,LED Strip,LED Strip Lights,https://sea.banggood.com/Wholesale-LED-Strip-Lights-ca-14105.html?bid=2107100301
Lights & Lighting,LED Strip,Holiday Lights,https://sea.banggood.com/Wholesale-Holiday-Lights-ca-14112.html?bid=2107100302
Lights & Lighting,LED Strip,Neon EL lights,https://sea.banggood.com/Wholesale-Neon-EL-lights-ca-14107.html?bid=2107100303
Lights & Lighting,LED Strip,LED Module & Rigid Strip,https://sea.banggood.com/Wholesale-LED-Module-and-Rigid-Strip-ca-14106.html?bid=2107100304
Men & Women's Clothing,Men's Clothing,Tops,https://sea.banggood.com/Wholesale-Tops-ca-15002.html?bid=2107110101
Men & Women's Clothing,Men's Clothing,T-Shirts,https://sea.banggood.com/Wholesale-T-Shirts-ca-15003.html?bid=2107110102
Men & Women's Clothing,Men's Clothing,Shirts,https://sea.banggood.com/Wholesale-Shirts-ca-15006.html?bid=2107110103
Men & Women's Clothing,Men's Clothing,Hoodies & Sweatshirts,https://sea.banggood.com/Wholesale-Hoodies-and-Sweatshirts-ca-15008.html?bid=2107110104
Men & Women's Clothing,Men's Clothing,Bottoms,https://sea.banggood.com/Wholesale-Bottoms-ca-15010.html?bid=2107110105
Men & Women's Clothing,Men's Clothing,Two Pieces Outfits,https://sea.banggood.com/Wholesale-Two-Pieces-Outfits-ca-18942.html?bid=2107110106
Men & Women's Clothing,Men's Clothing,Outwear,https://sea.banggood.com/Wholesale-Outwear-ca-15014.html?bid=2107110107
Men & Women's Clothing,Men's Clothing,Underwear,https://sea.banggood.com/Wholesale-Underwear-ca-15038.html?bid=2107110108
Men & Women's Clothing,Women's Clothing,Dresses,https://sea.banggood.com/Wholesale-Dresses-ca-16042.html?bid=2107110301
Men & Women's Clothing,Women's Clothing,Tops,https://sea.banggood.com/Wholesale-Tops-ca-16051.html?bid=2107110302
Men & Women's Clothing,Women's Clothing,Bottoms,https://sea.banggood.com/Wholesale-Bottoms-ca-16035.html?bid=2107110303
Men & Women's Clothing,Women's Clothing,Two-Piece Set,https://sea.banggood.com/Wholesale-Two-Piece-Set-ca-16057.html?bid=2107110304
Men & Women's Clothing,Women's Clothing,Outerwear,https://sea.banggood.com/Wholesale-Outerwear-ca-16087.html?bid=2107110305
Men & Women's Clothing,Bag,Luggage & Bags,https://sea.banggood.com/Wholesale-Luggage-and-Bags-ca-11035.html?bid=2107110401
Men & Women's Clothing,Bag,Men's Bags,https://sea.banggood.com/Wholesale-Mens-Bags-ca-11081.html?bid=2107110402
Men & Women's Clothing,Men's Accessories,Hats & Caps,https://sea.banggood.com/Wholesale-Hats-and-Caps-ca-10013.html?bid=2107110201
Men & Women's Clothing,Men's Accessories,Eyewear & Accessories,https://sea.banggood.com/Wholesale-Eyewear-and-Accessories-ca-10011.html?bid=2107110202
Men & Women's Clothing,Men's Accessories,Socks,https://sea.banggood.com/Wholesale-Socks-ca-10015.html?bid=2107110203
Men & Women's Clothing,Jewelry & Watches,Men Watches,https://sea.banggood.com/Wholesale-Men-Watches-ca-8120.html?bid=2107110501
Men & Women's Clothing,Jewelry & Watches,Women Watches,https://sea.banggood.com/Wholesale-Women-Watches-ca-8127.html?bid=2107110502
Men & Women's Clothing,Jewelry & Watches,Watch Accessories,https://sea.banggood.com/Wholesale-Watches-Accessories-ca-8141.html?bid=2107110503
Men & Women's Clothing,Jewelry & Watches,Men Jewelry,https://sea.banggood.com/Wholesale-Jewelry-ca-8002.html?bid=2107110504
Men & Women's Clothing,Beauty & Styling,Beauty Equipment,https://sea.banggood.com/Wholesale-Beauty-Equipment-ca-13216.html?bid=2107110601
Men & Women's Clothing,Beauty & Styling,Hair Care & Styling,https://sea.banggood.com/Wholesale-Hair-Care-and-Styling-ca-13106.html?bid=2107110602
Men & Women's Clothing,Beauty & Styling,Cosmetics & Skin Care,https://sea.banggood.com/Wholesale-Cosmetics-and-Skin-Care-ca-18947.html?bid=2107110603
Men & Women's Clothing,Beauty & Styling,Nail Art & Tool,https://sea.banggood.com/Wholesale-Nail-Art-and-Tools-ca-13007.html?bid=2107110604
